State_UT,State_UT_Code,Fiscal Year,Budget Proposed by the States/UTs,Budget Approved for the States/UTs  ,Opening Balance with the States/UTs,Release of Government of India's Fund ,Total Expenditure Reported (Including States' Share),Extent of Budget Approved Against Budget Proposed ,Extent of Funds Utilised Against Budget Approved,Extent of Funds Utilised Against Budget Proposed ,,,,,,,,,,,,,
Andhra Pradesh,1,2015-16,2380.02,1336.13,NA,659.04,1105.70,56.14,82.75,46.46,,,,,,,,,,,,,
Arunachal Pradesh,2,2015-16,346.46,195.94,NA,163.80,147.41,56.55,75.23,42.55,,,,,,,,,,,,,
Assam,3,2015-16,2275.32,1853.40,NA,997.59,1212.25,81.46,65.41,53.28,,,,,,,,,,,,,
Bihar,4,2015-16,3874.98,2672.45,NA,1269.67,1731.85,68.97,64.80,44.69,,,,,,,,,,,,,
Chhattisgarh,5,2015-16,1528.15,1215.09,NA,423.31,769.33,79.51,63.31,50.34,,,,,,,,,,,,,
Goa,6,2015-16,112.49,53.36,NA,17.30,25.44,47.44,47.68,22.62,,,,,,,,,,,,,
Gujarat,7,2015-16,2004.12,1465.77,NA,714.39,1293.03,73.14,88.22,64.52,,,,,,,,,,,,,
Haryana,8,2015-16,645.82,627.58,NA,318.21,519.47,97.18,82.77,80.44,,,,,,,,,,,,,
Himachal Pradesh,9,2015-16,491.18,336.92,NA,249.14,283.90,68.59,84.26,57.80,,,,,,,,,,,,,
Jharkhand,10,2015-16,1691.75,1311.82,NA,423.93,602.61,77.54,45.94,35.62,,,,,,,,,,,,,
Karnataka,11,2015-16,2164.94,1377.76,NA,772.15,1173.31,63.64,85.16,54.20,,,,,,,,,,,,,
Kerala,12,2015-16,523.06,569.24,NA,315.35,644.09,108.83,113.15,123.14,,,,,,,,,,,,,
Madhya Pradesh,13,2015-16,2165.70,2451.45,NA,1156.95,2071.36,113.19,84.50,95.64,,,,,,,,,,,,,
Maharashtra,14,2015-16,3368.98,2450.09,NA,1142.64,1791.17,72.72,73.11,53.17,,,,,,,,,,,,,
Manipur,15,2015-16,403.94,179.35,NA,115.19,108.55,44.40,60.52,26.87,,,,,,,,,,,,,
Meghalaya,16,2015-16,335.18,284.06,NA,107.50,138.83,84.75,48.87,41.42,,,,,,,,,,,,,
Mizoram,17,2015-16,184.18,170.59,NA,95.26,96.15,92.62,56.36,52.20,,,,,,,,,,,,,
Nagaland,18,2015-16,153.06,175.10,NA,106.37,82.56,114.40,47.15,53.94,,,,,,,,,,,,,
Odisha,19,2015-16,1275.52,1313.85,NA,669.77,1222.92,103.01,93.08,95.88,,,,,,,,,,,,,
Punjab,20,2015-16,808.20,767.96,NA,305.97,660.24,95.02,85.97,81.69,,,,,,,,,,,,,
Rajasthan,21,2015-16,3915.20,2514.53,NA,1329.48,1840.75,64.22,73.20,47.02,,,,,,,,,,,,,
Sikkim,22,2015-16,109.19,85.33,NA,41.54,51.23,78.15,60.04,46.92,,,,,,,,,,,,,
Tamil Nadu,23,2015-16,2009.46,1518.71,NA,1110.31,1650.45,75.58,108.67,82.13,,,,,,,,,,,,,
Telangana,24,2015-16,1775.45,788.63,NA,448.48,517.40,44.42,65.61,29.14,,,,,,,,,,,,,
Tripura,25,2015-16,416.99,227.88,NA,138.71,121.20,54.65,53.19,29.07,,,,,,,,,,,,,
Uttar Pradesh,26,2015-16,6236.66,7108.10,NA,2964.93,4553.88,113.97,64.07,73.02,,,,,,,,,,,,,
Uttarakhand,27,2015-16,391.45,424.80,NA,282.56,342.10,108.52,80.53,87.39,,,,,,,,,,,,,
West Bengal,28,2015-16,1970.05,2571.34,NA,1061.64,1589.75,130.52,61.83,80.70,,,,,,,,,,,,,
A & N Islands,29,2015-16,66.59,42.37,NA,37.55,25.91,63.63,61.15,38.91,,,,,,,,,,,,,
Chandigarh,30,2015-16,48.84,31.17,NA,24.66,21.75,63.82,69.78,44.53,,,,,,,,,,,,,
Dadra & N. Haveli,31,2015-16,54.32,28.61,NA,14.63,15.79,52.67,55.19,29.07,,,,,,,,,,,,,
Daman & Diu,32,2015-16,16.83,12.56,NA,10.66,10.14,74.63,80.73,60.25,,,,,,,,,,,,,
Delhi,33,2015-16,395.20,220.32,NA,176.56,150.05,55.75,68.11,37.97,,,,,,,,,,,,,
Jammu & Kashmir,34,2015-16,643.06,624.52,NA,375.34,428.38,97.12,68.59,66.62,,,,,,,,,,,,,
Ladakh,35,2015-16,NA,NA,NA,NA,NA,NA,NA,NA,,,,,,,,,,,,,
Lakshadweep,36,2015-16,11.97,10.49,NA,5.72,2.75,87.64,26.22,22.97,,,,,,,,,,,,,
Puducherry,37,2015-16,55.30,39.09,NA,19.21,22.37,70.69,57.23,40.45,,,,,,,,,,,,,
Andhra Pradesh,1,2016-17,1665.09,1180.63,-105.01,629.55,1287.04,70.90,109.01,77.30,,,,,,,,,,,,,
Arunachal Pradesh,2,2016-17,541.09,295.71,27.48,160.60,165.42,54.65,55.94,30.57,,,,,,,,,,,,,
Assam,3,2016-17,2294.77,1723.13,-99.66,1046.09,1337.40,75.09,77.61,58.28,,,,,,,,,,,,,
Bihar,4,2016-17,3367.13,2399.17,-29.59,1040.59,1619.20,71.25,67.49,48.09,,,,,,,,,,,,,
Chhattisgarh,5,2016-17,1367.09,1291.04,-70.35,586.97,999.33,94.44,77.41,73.10,,,,,,,,,,,,,
Goa,6,2016-17,44.98,59.92,-0.70,26.13,37.38,133.21,62.38,83.10,,,,,,,,,,,,,
Gujarat,7,2016-17,1968.39,1579.23,-126.89,863.66,1395.67,80.23,88.38,70.90,,,,,,,,,,,,,
Haryana,8,2016-17,639.14,500.27,-8.26,335.55,535.09,78.27,106.96,83.72,,,,,,,,,,,,,
Himachal Pradesh,9,2016-17,408.29,354.79,-12.77,212.49,346.58,86.90,97.69,84.89,,,,,,,,,,,,,
Jharkhand,10,2016-17,1746.58,1112.65,48.85,454.64,633.54,63.70,56.94,36.27,,,,,,,,,,,,,
Karnataka,11,2016-17,2499.66,1746.91,-101.36,714.09,1291.49,69.89,73.93,51.67,,,,,,,,,,,,,
Kerala,12,2016-17,726.45,583.21,-256.79,452.36,744.98,80.28,127.74,102.55,,,,,,,,,,,,,
Madhya Pradesh,13,2016-17,2679.83,2589.05,-162.31,1490.75,2066.38,96.61,79.81,77.11,,,,,,,,,,,,,
Maharashtra,14,2016-17,3725.25,2981.23,-407.04,1252.55,1804.67,80.03,60.53,48.44,,,,,,,,,,,,,
Manipur,15,2016-17,1397.38,720.46,22.81,79.07,81.40,51.56,11.30,5.83,,,,,,,,,,,,,
Meghalaya,16,2016-17,443.61,318.08,-31.33,161.13,152.85,71.70,48.05,34.46,,,,,,,,,,,,,
Mizoram,17,2016-17,187.18,199.09,10.65,80.88,99.55,106.36,50.00,53.18,,,,,,,,,,,,,
Nagaland,18,2016-17,238.66,150.86,44.61,95.92,95.17,63.21,63.08,39.88,,,,,,,,,,,,,
Odisha,19,2016-17,1770.53,1524.87,-115.08,728.58,1299.27,86.13,85.21,73.38,,,,,,,,,,,,,
Punjab,20,2016-17,707.80,720.49,-179.68,292.55,695.31,101.79,96.51,98.24,,,,,,,,,,,,,
Rajasthan,21,2016-17,3108.73,2663.91,287.39,1234.18,1734.34,85.69,65.11,55.79,,,,,,,,,,,,,
Sikkim,22,2016-17,58.85,72.60,-7.20,41.72,50.62,123.36,69.72,86.02,,,,,,,,,,,,,
Tamil Nadu,23,2016-17,2452.55,1931.89,77.88,788.68,1852.90,78.77,95.91,75.55,,,,,,,,,,,,,
Telangana,24,2016-17,1046.88,786.16,47.28,398.08,700.76,75.10,89.14,66.94,,,,,,,,,,,,,
Tripura,25,2016-17,363.02,270.74,29.17,125.76,143.14,74.58,52.87,39.43,,,,,,,,,,,,,
Uttar Pradesh,26,2016-17,7923.45,8018.43,-133.56,3314.75,5120.68,101.20,63.86,64.63,,,,,,,,,,,,,
Uttarakhand,27,2016-17,514.51,433.31,-21.05,265.53,350.67,84.22,80.93,68.16,,,,,,,,,,,,,
West Bengal,28,2016-17,2579.21,1813.51,111.02,806.98,1914.71,70.31,105.58,74.24,,,,,,,,,,,,,
A & N Islands,29,2016-17,80.06,54.67,21.03,44.90,28.92,68.29,52.90,36.12,,,,,,,,,,,,,
Chandigarh,30,2016-17,78.86,43.46,6.94,21.47,24.57,55.11,56.53,31.16,,,,,,,,,,,,,
Dadra & N. Haveli,31,2016-17,47.42,36.86,2.34,17.12,17.36,77.73,47.10,36.61,,,,,,,,,,,,,
Daman & Diu,32,2016-17,18.66,17.79,5.67,11.53,10.24,95.34,57.56,54.88,,,,,,,,,,,,,
Delhi,33,2016-17,433.90,268.88,59.69,241.98,155.15,61.97,57.70,35.76,,,,,,,,,,,,,
Jammu & Kashmir,34,2016-17,752.93,710.27,1.96,362.42,419.55,94.33,59.07,55.72,,,,,,,,,,,,,
Ladakh,35,2016-17,NA,NA,NA,NA,NA,NA,NA,NA,,,,,,,,,,,,,
Lakshadweep,36,2016-17,13.64,16.04,2.97,3.83,4.33,117.60,27.00,31.74,,,,,,,,,,,,,
Puducherry,37,2016-17,57.47,51.30,-3.16,41.35,38.41,89.26,74.87,66.83,,,,,,,,,,,,,
Andhra Pradesh,1,2017-18,1937.15,1373.37,-321.69,875.06,1555.50,70.90,113.26,80.30,,,,,,,,,,,,,
Arunachal Pradesh,2,2017-18,443.94,346.60,13.31,261.70,165.75,78.07,47.82,37.34,,,,,,,,,,,,,
Assam,3,2017-18,2517.27,1971.32,-125.12,1392.66,1476.86,78.31,74.92,58.67,,,,,,,,,,,,,
Bihar,4,2017-18,3728.64,3201.24,208.06,1557.40,1820.14,85.86,56.86,48.82,,,,,,,,,,,,,
Chhattisgarh,5,2017-18,1447.28,1158.77,-28.11,825.76,1180.27,80.07,101.86,81.55,,,,,,,,,,,,,
Goa,6,2017-18,92.09,52.35,-2.13,26.07,43.28,56.85,82.67,47.00,,,,,,,,,,,,,
Gujarat,7,2017-18,2018.47,1910.28,-24.54,1221.83,1593.15,94.64,83.40,78.93,,,,,,,,,,,,,
Haryana,8,2017-18,649.05,620.59,0.46,384.25,637.75,95.62,102.77,98.26,,,,,,,,,,,,,
Himachal Pradesh,9,2017-18,NA,NA,-110.86,370.89,377.08,NA,NA,NA,,,,,,,,,,,,,
Jharkhand,10,2017-18,1617.55,1301.35,-22.37,735.99,753.03,80.45,57.87,46.55,,,,,,,,,,,,,
Karnataka,11,2017-18,2824.69,2678.89,0.64,1345.50,2016.65,94.84,75.28,71.39,,,,,,,,,,,,,
Kerala,12,2017-18,719.42,680.61,10.17,586.52,936.35,94.61,137.58,130.15,,,,,,,,,,,,,
Madhya Pradesh,13,2017-18,2652.39,2377.61,251.10,1696.56,2313.93,89.64,97.32,87.24,,,,,,,,,,,,,
Maharashtra,14,2017-18,3772.20,3118.93,871.31,1707.50,2192.88,82.68,70.31,58.13,,,,,,,,,,,,,
Manipur,15,2017-18,380.56,279.77,-2.33,163.05,110.51,73.52,39.50,29.04,,,,,,,,,,,,,
Meghalaya,16,2017-18,362.38,275.67,8.28,189.02,169.14,76.07,61.36,46.67,,,,,,,,,,,,,
Mizoram,17,2017-18,219.77,NA,-13.16,126.95,112.35,NA,NA,51.12,,,,,,,,,,,,,
Nagaland,18,2017-18,313.04,170.20,15.28,134.86,95.55,54.37,56.14,30.52,,,,,,,,,,,,,
Odisha,19,2017-18,1634.92,1703.47,-59.08,1216.22,1514.45,104.19,88.90,92.63,,,,,,,,,,,,,
Punjab,20,2017-18,901.93,880.19,-150.19,483.74,639.53,97.59,72.66,70.91,,,,,,,,,,,,,
Rajasthan,21,2017-18,2763.63,2396.63,144.12,1615.29,1885.55,86.72,78.68,68.23,,,,,,,,,,,,,
Sikkim,22,2017-18,83.20,73.29,-5.90,55.40,43.48,88.09,59.33,52.26,,,,,,,,,,,,,
Tamil Nadu,23,2017-18,2411.81,2181.42,-529.64,1293.97,2285.56,90.45,104.77,94.77,,,,,,,,,,,,,
Telangana,24,2017-18,1372.57,1133.41,14.44,468.34,977.76,82.58,86.27,71.24,,,,,,,,,,,,,
Tripura,25,2017-18,317.28,309.14,-2.91,158.99,202.79,97.43,65.60,63.92,,,,,,,,,,,,,
Uttar Pradesh,26,2017-18,7423.52,6811.16,-1048.28,3967.46,6569.43,91.75,96.45,88.49,,,,,,,,,,,,,
Uttarakhand,27,2017-18,604.73,432.50,-56.78,354.85,448.22,71.52,103.63,74.12,,,,,,,,,,,,,
West Bengal,28,2017-18,2145.32,2569.25,-578.29,1305.37,2341.05,119.76,91.12,109.12,,,,,,,,,,,,,
A & N Islands,29,2017-18,70.22,65.37,15.98,33.94,32.84,93.09,50.24,46.77,,,,,,,,,,,,,
Chandigarh,30,2017-18,50.73,46.42,-3.10,20.35,31.64,91.50,68.16,62.37,,,,,,,,,,,,,
Dadra & N. Haveli,31,2017-18,42.80,35.34,-0.23,19.14,19.76,82.57,55.91,46.17,,,,,,,,,,,,,
Daman & Diu,32,2017-18,22.63,21.50,1.28,10.67,10.63,95.01,49.44,46.97,,,,,,,,,,,,,
Delhi,33,2017-18,449.42,405.24,86.83,268.39,251.37,90.17,62.03,55.93,,,,,,,,,,,,,
Jammu & Kashmir,34,2017-18,705.38,766.48,-14.18,550.42,521.86,108.66,68.09,73.98,,,,,,,,,,,,,
Ladakh,35,2017-18,NA,NA,NA,NA,NA,NA,NA,NA,,,,,,,,,,,,,
Lakshadweep,36,2017-18,18.64,14.37,-0.50,5.54,6.20,77.09,43.15,33.26,,,,,,,,,,,,,
Puducherry,37,2017-18,60.80,57.37,2.94,35.55,38.83,94.36,67.68,63.87,,,,,,,,,,,,,
Andhra Pradesh,1,2018-19,2002.85,1529.04,-56.53,1081.29,1658.07,76.34,108.44,82.79,,,,,,,,,,,,,
Arunachal Pradesh,2,2018-19,511.16,342.65,115.46,216.92,168.74,67.03,49.25,33.01,,,,,,,,,,,,,
Assam,3,2018-19,2321.57,1983.85,53.92,1381.51,1571.54,85.45,79.22,67.69,,,,,,,,,,,,,
Bihar,4,2018-19,4226.90,3913.17,359.94,1409.78,1788.82,92.58,45.71,42.32,,,,,,,,,,,,,
Chhattisgarh,5,2018-19,1437.22,1429.06,239.46,875.10,1138.90,99.43,79.70,79.24,,,,,,,,,,,,,
Goa,6,2018-19,80.47,62.53,9.65,33.96,46.23,77.71,73.93,57.45,,,,,,,,,,,,,
Gujarat,7,2018-19,2129.03,2115.54,164.06,1038.69,1793.63,99.37,84.78,84.25,,,,,,,,,,,,,
Haryana,8,2018-19,923.68,903.33,-53.50,538.53,705.96,97.80,78.15,76.43,,,,,,,,,,,,,
Himachal Pradesh,9,2018-19,NA,NA,23.81,345.43,441.38,NA,NA,NA,,,,,,,,,,,,,
Jharkhand,10,2018-19,1871.86,1553.93,321.01,616.23,1039.07,83.02,66.87,55.51,,,,,,,,,,,,,
Karnataka,11,2018-19,2830.37,2866.32,63.14,1254.82,1942.61,101.27,67.77,68.63,,,,,,,,,,,,,
Kerala,12,2018-19,1051.44,1186.06,-77.83,887.90,1074.25,112.80,90.57,102.17,,,,,,,,,,,,,
Madhya Pradesh,13,2018-19,3049.09,3309.34,680.62,1668.09,2531.87,108.54,76.51,83.04,,,,,,,,,,,,,
Maharashtra,14,2018-19,3673.17,4421.19,386.85,1565.98,2714.86,120.36,61.41,73.91,,,,,,,,,,,,,
Manipur,15,2018-19,232.39,206.22,61.61,147.09,146.46,88.74,71.02,63.02,,,,,,,,,,,,,
Meghalaya,16,2018-19,270.24,205.95,35.47,145.06,159.81,76.21,77.60,59.14,,,,,,,,,,,,,
Mizoram,17,2018-19,NA,NA,27.73,118.36,125.46,NA,NA,NA,,,,,,,,,,,,,
Nagaland,18,2018-19,183.68,175.86,42.30,132.11,142.55,95.74,81.06,77.61,,,,,,,,,,,,,
Odisha,19,2018-19,1815.62,2030.67,275.54,743.57,1673.91,111.84,82.43,92.19,,,,,,,,,,,,,
Punjab,20,2018-19,1307.79,1233.22,72.26,570.51,739.07,94.30,59.93,56.51,,,,,,,,,,,,,
Rajasthan,21,2018-19,3463.07,3005.03,624.31,1667.00,2309.53,86.77,76.86,66.69,,,,,,,,,,,,,
Sikkim,22,2018-19,75.34,97.70,17.67,45.22,59.38,129.68,60.78,78.82,,,,,,,,,,,,,
Tamil Nadu,23,2018-19,2031.66,2410.15,-372.13,1479.71,2533.41,118.63,105.11,124.70,,,,,,,,,,,,,
Telangana,24,2018-19,1692.87,2410.25,-180.17,713.43,1078.70,142.38,44.75,63.72,,,,,,,,,,,,,
Tripura,25,2018-19,374.25,333.95,-32.45,186.52,199.86,89.23,59.85,53.40,,,,,,,,,,,,,
Uttar Pradesh,26,2018-19,8696.59,10978.86,364.49,3886.70,6871.79,126.24,62.59,79.02,,,,,,,,,,,,,
Uttarakhand,27,2018-19,484.10,571.80,-70.78,297.38,491.87,118.12,86.02,101.61,,,,,,,,,,,,,
West Bengal,28,2018-19,2448.67,3099.66,-429.09,1116.09,2236.34,126.59,72.15,91.33,,,,,,,,,,,,,
A & N Islands,29,2018-19,76.67,73.33,1.09,18.05,41.49,95.64,56.58,54.12,,,,,,,,,,,,,
Chandigarh,30,2018-19,54.03,39.02,-11.29,27.06,30.42,72.22,77.96,56.30,,,,,,,,,,,,,
Dadra & N. Haveli,31,2018-19,41.06,36.32,-0.63,23.46,23.15,88.46,63.74,56.38,,,,,,,,,,,,,
Daman & Diu,32,2018-19,24.37,22.92,0.04,11.76,14.67,94.05,64.01,60.20,,,,,,,,,,,,,
Delhi,33,2018-19,540.26,474.01,17.02,154.23,156.47,87.74,33.01,28.96,,,,,,,,,,,,,
Jammu & Kashmir,34,2018-19,719.84,686.13,83.25,556.46,573.12,95.32,83.53,79.62,,,,,,,,,,,,,
Ladakh,35,2018-19,NA,NA,NA,NA,NA,NA,NA,NA,,,,,,,,,,,,,
Lakshadweep,36,2018-19,16.77,13.04,-0.66,6.58,5.85,77.76,44.86,34.88,,,,,,,,,,,,,
Puducherry,37,2018-19,74.60,68.48,-3.28,38.16,40.13,91.80,58.60,53.79,,,,,,,,,,,,,
Andhra Pradesh,1,2019-20,2441.55,2285.22,72.38,1111.07,1820.15,93.60,79.65,74.55,,,,,,,,,,,,,
Arunachal Pradesh,2,2019-20,533.86,309.33,48.18,185.95,186.21,57.94,60.20,34.88,,,,,,,,,,,,,
Assam,3,2019-20,2324.89,2121.91,-39.37,1749.24,1856.33,91.27,87.48,79.85,,,,,,,,,,,,,
Bihar,4,2019-20,5276.88,4135.35,666.29,1510.68,2842.26,78.37,68.73,53.86,,,,,,,,,,,,,
Chhattisgarh,5,2019-20,1673.89,1527.12,328.44,816.07,1464.47,91.23,95.90,87.49,,,,,,,,,,,,,
Goa,6,2019-20,104.70,96.24,-1.24,35.47,58.47,91.92,60.75,55.85,,,,,,,,,,,,,
Gujarat,7,2019-20,2329.78,2343.08,-148.45,1110.80,1864.73,100.57,79.58,80.04,,,,,,,,,,,,,
Haryana,8,2019-20,1129.22,1060.89,213.70,567.71,792.64,93.95,74.71,70.19,,,,,,,,,,,,,
Himachal Pradesh,9,2019-20,671.76,556.43,-58.21,504.84,469.60,82.83,84.40,69.91,,,,,,,,,,,,,
Jharkhand,10,2019-20,2855.01,1771.84,164.96,830.63,1090.11,62.06,61.52,38.18,,,,,,,,,,,,,
Karnataka,11,2019-20,4227.19,2804.02,50.39,1173.77,2384.28,66.33,85.03,56.40,,,,,,,,,,,,,
Kerala,12,2019-20,2180.08,2077.30,26.36,836.14,1023.94,95.29,49.29,46.97,,,,,,,,,,,,,
Madhya Pradesh,13,2019-20,4467.76,3863.00,64.92,1728.73,3102.89,86.46,80.32,69.45,,,,,,,,,,,,,
Maharashtra,14,2019-20,5624.18,4906.51,-450.44,1724.99,3097.08,87.24,63.12,55.07,,,,,,,,,,,,,
Manipur,15,2019-20,308.81,231.44,18.19,185.65,196.06,74.95,84.71,63.49,,,,,,,,,,,,,
Meghalaya,16,2019-20,326.21,274.73,-14.76,141.17,166.24,84.22,60.51,50.96,,,,,,,,,,,,,
Mizoram,17,2019-20,256.17,173.67,2.69,127.24,105.70,67.80,60.86,41.26,,,,,,,,,,,,,
Nagaland,18,2019-20,327.15,188.80,-8.50,123.23,130.37,57.71,69.05,39.85,,,,,,,,,,,,,
Odisha,19,2019-20,2384.92,2245.40,-296.99,1475.14,2220.82,94.15,98.91,93.12,,,,,,,,,,,,,
Punjab,20,2019-20,1192.81,1157.08,83.63,712.02,923.31,97.00,79.80,77.41,,,,,,,,,,,,,
Rajasthan,21,2019-20,4509.17,3766.62,304.07,1781.83,2559.51,83.53,67.95,56.76,,,,,,,,,,,,,
Sikkim,22,2019-20,89.84,78.24,-9.16,53.55,54.84,87.09,70.09,61.04,,,,,,,,,,,,,
Tamil Nadu,23,2019-20,2545.79,2833.48,3.96,1424.22,2557.62,111.30,90.26,100.46,,,,,,,,,,,,,
Telangana,24,2019-20,2004.49,1635.69,-136.86,964.34,949.96,81.60,58.08,47.39,,,,,,,,,,,,,
Tripura,25,2019-20,419.63,310.01,9.34,239.47,208.37,73.88,67.21,49.66,,,,,,,,,,,,,
Uttar Pradesh,26,2019-20,13879.23,8069.72,-1191.00,4749.05,7453.90,58.14,92.37,53.71,,,,,,,,,,,,,
Uttarakhand,27,2019-20,719.79,708.92,-138.44,348.83,504.02,98.49,71.10,70.02,,,,,,,,,,,,,
West Bengal,28,2019-20,3368.48,3180.94,-351.03,1749.32,2340.84,94.43,73.59,69.49,,,,,,,,,,,,,
A & N Islands,29,2019-20,74.17,62.28,-23.45,34.92,41.66,83.97,66.89,56.17,,,,,,,,,,,,,
Chandigarh,30,2019-20,25.97,24.93,-3.36,22.77,20.97,96.00,84.12,80.75,,,,,,,,,,,,,
Dadra & N. Haveli,31,2019-20,46.72,52.42,0.31,25.33,23.67,112.20,45.16,50.67,,,,,,,,,,,,,
Daman & Diu,32,2019-20,25.56,20.34,-2.91,16.79,11.36,79.57,55.85,44.44,,,,,,,,,,,,,
Delhi,33,2019-20,418.84,346.39,67.76,138.74,173.28,82.70,50.03,41.37,,,,,,,,,,,,,
Jammu & Kashmir,34,2019-20,1306.42,1069.62,5.83,702.20,662.56,81.87,61.94,50.72,,,,,,,,,,,,,
Ladakh,35,2019-20,NA,NA,NA,0.00,0.00,NA,NA,NA,,,,,,,,,,,,,
Lakshadweep,36,2019-20,9.10,6.69,0.73,6.16,6.55,73.52,97.88,71.97,,,,,,,,,,,,,
Puducherry,37,2019-20,77.64,65.79,9.03,31.56,44.21,84.74,67.20,56.94,,,,,,,,,,,,,
Andhra Pradesh,1,2020-21,3217.87,2501.61,-709.08,1097.81,2385.48,77.74,95.36,74.13,,,,,,,,,,,,,
Arunachal Pradesh,2,2020-21,487.56,307.84,38.31,243.04,209.06,63.14,67.91,42.88,,,,,,,,,,,,,
Assam,3,2020-21,2529.58,2209.90,99.56,1807.48,1846.86,87.36,83.57,73.01,,,,,,,,,,,,,
Bihar,4,2020-21,4864.57,4306.92,-744.94,1814.63,2415.34,88.54,56.08,49.65,,,,,,,,,,,,,
Chhattisgarh,5,2020-21,2036.04,1816.75,-389.57,979.41,1521.30,89.23,83.74,74.72,,,,,,,,,,,,,
Goa,6,2020-21,106.89,99.29,-0.91,34.81,67.43,92.89,67.91,63.08,,,,,,,,,,,,,
Gujarat,7,2020-21,2732.22,2575.95,-108.54,1005.66,1894.46,94.28,73.54,69.34,,,,,,,,,,,,,
Haryana,8,2020-21,1346.24,1287.09,153.21,531.50,829.12,95.61,64.42,61.59,,,,,,,,,,,,,
Himachal Pradesh,9,2020-21,730.23,679.83,116.34,441.94,425.58,93.10,62.60,58.28,,,,,,,,,,,,,
Jharkhand,10,2020-21,1997.99,1744.07,-35.48,602.80,999.71,87.29,57.32,50.04,,,,,,,,,,,,,
Karnataka,11,2020-21,3310.90,2986.77,-491.00,1232.19,2320.37,90.21,77.69,70.08,,,,,,,,,,,,,
Kerala,12,2020-21,2167.56,2068.34,242.49,788.22,1457.75,95.42,70.48,67.25,,,,,,,,,,,,,
Madhya Pradesh,13,2020-21,5069.63,4704.97,62.72,2377.14,3397.82,92.81,72.22,67.02,,,,,,,,,,,,,
Maharashtra,14,2020-21,4760.34,4376.52,-282.05,1833.59,3503.62,91.94,80.05,73.60,,,,,,,,,,,,,
Manipur,15,2020-21,346.88,302.77,86.00,189.49,112.79,87.28,37.25,32.52,,,,,,,,,,,,,
Meghalaya,16,2020-21,367.23,287.74,20.10,202.63,213.36,78.35,74.15,58.10,,,,,,,,,,,,,
Mizoram,17,2020-21,202.28,180.54,29.77,143.73,131.36,89.25,72.76,64.94,,,,,,,,,,,,,
Nagaland,18,2020-21,244.60,215.15,3.49,188.21,159.72,87.96,74.24,65.30,,,,,,,,,,,,,
Odisha,19,2020-21,2332.70,2178.87,209.82,1617.63,2347.24,93.41,107.73,100.62,,,,,,,,,,,,,
Punjab,20,2020-21,1046.90,958.53,260.97,568.14,908.98,91.56,94.83,86.83,,,,,,,,,,,,,
Rajasthan,21,2020-21,4447.64,3967.38,-66.88,2000.58,2943.21,89.20,74.19,66.17,,,,,,,,,,,,,
Sikkim,22,2020-21,104.21,96.85,3.22,70.13,52.06,92.93,53.75,49.96,,,,,,,,,,,,,
Tamil Nadu,23,2020-21,4289.66,3842.10,-291.97,1522.71,2172.33,89.57,56.54,50.64,,,,,,,,,,,,,
Telangana,24,2020-21,2249.28,1656.89,40.42,671.88,1354.93,73.66,81.78,60.24,,,,,,,,,,,,,
Tripura,25,2020-21,359.58,336.35,51.27,225.91,249.74,93.54,74.25,69.45,,,,,,,,,,,,,
Uttar Pradesh,26,2020-21,11801.86,10447.89,-805.51,3772.95,7080.45,88.53,67.77,59.99,,,,,,,,,,,,,
Uttarakhand,27,2020-21,664.19,561.63,-133.52,583.25,503.53,84.56,89.65,75.81,,,,,,,,,,,,,
West Bengal,28,2020-21,3647.72,3432.55,892.93,1895.01,2598.62,94.10,75.71,71.24,,,,,,,,,,,,,
A & N Islands,29,2020-21,68.63,66.58,-6.74,36.91,42.68,97.01,64.10,62.19,,,,,,,,,,,,,
Chandigarh,30,2020-21,58.08,51.27,1.81,22.21,19.52,88.26,38.08,33.61,,,,,,,,,,,,,
Dadra & N. Haveli,31,2020-21,62.42,57.65,1.66,36.39,35.74,92.36,NA,NA,,,,,,,,,,,,,
Daman & Diu,32,2020-21,0.00,0.00,5.44,,,NA,NA,NA,,,,,,,,,,,,,
Delhi,33,2020-21,410.35,369.74,101.11,125.73,210.83,90.10,57.02,51.38,,,,,,,,,,,,,
Jammu & Kashmir,34,2020-21,1444.58,1302.89,139.23,667.46,657.53,90.19,50.47,45.52,,,,,,,,,,,,,
Ladakh,35,2020-21,239.87,131.89,NA,91.89,38.56,NA,29.24,16.08,,,,,,,,,,,,,
Lakshadweep,36,2020-21,14.04,12.58,-0.39,7.11,6.99,89.60,55.55,49.78,,,,,,,,,,,,,
Puducherry,37,2020-21,80.40,77.78,18.43,25.55,47.32,96.74,60.84,58.85,,,,,,,,,,,,,
Andhra Pradesh,1,2021-22,2639.88,2199.3355,NA,1199.37,2448.67,83.31,111.34,92.76,,,,,,,,,,,,,
Arunachal Pradesh,2,2021-22,466.7272,404.3468,NA,188.53,248.51,86.63,61.46,53.25,,,,,,,,,,,,,
Assam,3,2021-22,2200.1556,2072.3316,NA,1955.93,2194.36,94.19,105.89,99.74,,,,,,,,,,,,,
Bihar,4,2021-22,5105.2618,4581.3827,NA,1748.76,1905.35,89.74,41.59,37.32,,,,,,,,,,,,,
Chhattisgarh,5,2021-22,2075.685,1906.9442,NA,969.61,1833.45,91.87,96.15,88.33,,,,,,,,,,,,,
Goa,6,2021-22,94.5003,84.6924,NA,26.01,60.56,89.62,71.51,64.08,,,,,,,,,,,,,
Gujarat,7,2021-22,2326.5708,2240.1688,NA,1094.48,1835.81,96.29,81.95,78.91,,,,,,,,,,,,,
Haryana,8,2021-22,1189.23,1110.6802,NA,577.07,879.91,93.39,79.22,73.99,,,,,,,,,,,,,
Himachal Pradesh,9,2021-22,494.5397,466.3124,NA,555.09,525.09,94.29,112.60,106.18,,,,,,,,,,,,,
Jharkhand,10,2021-22,1857.0565,1690.1606,NA,640.18,1176.55,91.01,69.61,63.36,,,,,,,,,,,,,
Karnataka,11,2021-22,2778.9254,2476.5739,NA,1274.71,2200.92,89.12,88.87,79.20,,,,,,,,,,,,,
Kerala,12,2021-22,1456.0183,1260.0503,NA,771.47,1230.96,86.54,97.69,84.54,,,,,,,,,,,,,
Madhya Pradesh,13,2021-22,4535.1276,3928.2335,NA,2295.66,3714.92,86.62,94.57,81.91,,,,,,,,,,,,,
Maharashtra,14,2021-22,5087.241,4359.659,NA,1769.67,4227.31,85.70,96.96,83.10,,,,,,,,,,,,,
Manipur,15,2021-22,422.1779,288.7842,NA,95.59,154.09,68.40,53.36,36.50,,,,,,,,,,,,,
Meghalaya,16,2021-22,325.5792,305.957,NA,282.46,227.08,93.97,74.22,69.75,,,,,,,,,,,,,
Mizoram,17,2021-22,164.3637,144.5669,NA,93.82,153.16,87.96,105.94,93.18,,,,,,,,,,,,,
Nagaland,18,2021-22,215.605,186.585,NA,126.66,192.16,86.54,102.99,89.13,,,,,,,,,,,,,
Odisha,19,2021-22,2573.3275,2511.7204,NA,1263.07,2587.72,97.61,103.03,100.56,,,,,,,,,,,,,
Punjab,20,2021-22,1037.4247,983.3043,NA,349.21,918.96,94.78,93.46,88.58,,,,,,,,,,,,,
Rajasthan,21,2021-22,4760.3776,3878.656,NA,1924.95,3230.01,81.48,83.28,67.85,,,,,,,,,,,,,
Sikkim,22,2021-22,76.1679,71.8217,NA,51.86,46.06,94.29,64.13,60.47,,,,,,,,,,,,,
Tamil Nadu,23,2021-22,2709.8246,2576.4393,NA,1631.91,3039.39,95.08,117.97,112.16,,,,,,,,,,,,,
Telangana,24,2021-22,1662.2048,1554.4047,NA,725.67,1556.65,93.51,100.14,93.65,,,,,,,,,,,,,
Tripura,25,2021-22,339.5903,288.5603,NA,217.95,237.24,84.97,82.22,69.86,,,,,,,,,,,,,
Uttar Pradesh,26,2021-22,10702.1892,9621.7862,NA,3235.46,6210.2,89.90,64.54,58.03,,,,,,,,,,,,,
Uttarakhand,27,2021-22,709.8173,638.6189,NA,553.47,606.07,89.97,94.90,85.38,,,,,,,,,,,,,
West Bengal,28,2021-22,2940.522,2788.7372,NA,1654.26,2229.46,94.84,79.95,75.82,,,,,,,,,,,,,
A & N Islands,29,2021-22,54.9739,51.9314,NA,43.68,31.2,94.47,60.08,56.75,,,,,,,,,,,,,
Chandigarh,30,2021-22,26.685,25.5425,NA,17.47,26.86,95.72,105.16,100.66,,,,,,,,,,,,,
Dadra & N. Haveli,31,2021-22,54.1561,51.9416,NA,38.59,45.02,95.91,86.67,83.13,,,,,,,,,,,,,
Daman & Diu,32,2021-22,NA,NA,NA,,,NA,NA,NA,,,,,,,,,,,,,
Delhi,33,2021-22,463.6416,408.3362,NA,127.37,237.79,88.07,58.23,51.29,,,,,,,,,,,,,
Jammu & Kashmir,34,2021-22,1009.3445,971.1149,NA,459.1,779.61,96.21,80.28,77.24,,,,,,,,,,,,,
Ladakh,35,2021-22,142.84,134.3245,NA,44.79,62.81,94.04,46.76,43.97,,,,,,,,,,,,,
Lakshadweep,36,2021-22,11.7937,10.9771,NA,8.41,7.26,93.08,66.14,61.56,,,,,,,,,,,,,
Puducherry,37,2021-22,74.5386,69.6123,NA,21.33,46.36,93.39,66.60,62.20,,,,,,,,,,,,,
Andhra Pradesh,1,2022-23,3321.028,2683.852,NA,650.66,35.7,80.81,1.33,1.07,,,,,,,,,,,,,
Arunachal Pradesh,2,2022-23,505.523,457.375,NA,0.05,0.05,90.48,0.01,0.01,,,,,,,,,,,,,
Assam,3,2022-23,2986.397,2900.951,NA,371.84,8.32,97.14,0.29,0.28,,,,,,,,,,,,,
Bihar,4,2022-23,7185.068,6474.106,NA,231.64,102.58,90.11,1.58,1.43,,,,,,,,,,,,,
Chhattisgarh,5,2022-23,2519.573,2294.541,NA,376.8,17.99,91.07,0.78,0.71,,,,,,,,,,,,,
Goa,6,2022-23,123.115,118.277,NA,9.04,0.46,96.07,0.39,0.37,,,,,,,,,,,,,
Gujarat,7,2022-23,NA,NA,NA,35.95,35.95,NA,NA,NA,,,,,,,,,,,,,
Haryana,8,2022-23,1822.607,1443.274,NA,125.18,25.06,79.19,1.74,1.37,,,,,,,,,,,,,
Himachal Pradesh,9,2022-23,778.661,742.123,NA,109.91,3.58,95.31,0.48,0.46,,,,,,,,,,,,,
Jharkhand,10,2022-23,2675.176,2501.363,NA,31.84,31.84,93.50,1.27,1.19,,,,,,,,,,,,,
Karnataka,11,2022-23,3619.746,3530.977,NA,16.44,16.44,97.55,0.47,0.45,,,,,,,,,,,,,
Kerala,12,2022-23,2333.527,2206.595,NA,287.35,7.64,94.56,0.35,0.33,,,,,,,,,,,,,
Madhya Pradesh,13,2022-23,5457.391,5345.266,NA,385.31,49.35,97.95,0.92,0.90,,,,,,,,,,,,,
Maharashtra,14,2022-23,NA,NA,NA,548.85,254.69,NA,NA,NA,,,,,,,,,,,,,
Manipur,15,2022-23,453.328,389.848,NA,1.7,1.7,86.00,0.44,0.38,,,,,,,,,,,,,
Meghalaya,16,2022-23,318.659,308.960,NA,1.38,1.38,96.96,0.45,0.43,,,,,,,,,,,,,
Mizoram,17,2022-23,218.423,213.244,NA,0.47,0.47,97.63,0.22,0.22,,,,,,,,,,,,,
Nagaland,18,2022-23,294.506,263.608,NA,0.52,0.52,89.51,0.20,0.18,,,,,,,,,,,,,
Odisha,19,2022-23,3216.860,3114.269,NA,544.75,32.65,96.81,1.05,1.01,,,,,,,,,,,,,
Punjab,20,2022-23,1270.747,1212.307,NA,148.63,14.19,95.40,1.17,1.12,,,,,,,,,,,,,
Rajasthan,21,2022-23,6164.784,5782.263,NA,381.86,24.82,93.80,0.43,0.40,,,,,,,,,,,,,
Sikkim,22,2022-23,99.900,96.883,NA,0.16,0.16,96.98,0.17,0.16,,,,,,,,,,,,,
Tamil Nadu,23,2022-23,3860.799,3795.894,NA,199.98,43.33,98.32,1.14,1.12,,,,,,,,,,,,,
Telangana,24,2022-23,2616.173,2117.337,NA,159.67,23.95,80.93,1.13,0.92,,,,,,,,,,,,,
Tripura,25,2022-23,483.970,427.685,NA,50.62,0.55,88.37,0.13,0.11,,,,,,,,,,,,,
Uttar Pradesh,26,2022-23,NA,NA,NA,1170.63,248.13,NA,NA,NA,,,,,,,,,,,,,
Uttarakhand,27,2022-23,1179.782,1129.360,NA,4.83,4.83,95.73,0.43,0.41,,,,,,,,,,,,,
West Bengal,28,2022-23,3848.969,3787.666,NA,416.09,78.33,98.41,2.07,2.04,,,,,,,,,,,,,
A & N Islands,29,2022-23,80.559,76.291,NA,17.15,0.01,94.70,0.01,0.01,,,,,,,,,,,,,
Chandigarh,30,2022-23,43.271,42.336,NA,14.01,0.13,97.84,0.31,0.30,,,,,,,,,,,,,
Dadra & N. Haveli,31,2022-23,NA,NA,NA,7.7,0.06,NA,NA,NA,,,,,,,,,,,,,
Daman & Diu,32,2022-23,NA,NA,NA,,,NA,NA,NA,,,,,,,,,,,,,
Delhi,33,2022-23,636.178,576.667,NA,16.76,12.55,90.65,2.18,1.97,,,,,,,,,,,,,
Jammu & Kashmir,34,2022-23,1298.130,1240.102,NA,66.93,6.11,95.53,0.49,0.47,,,,,,,,,,,,,
Ladakh,35,2022-23,217.112,196.588,NA,3.67,0,90.55,0.00,0.00,,,,,,,,,,,,,
Lakshadweep,36,2022-23,14.640,13.300,NA,2.69,0,90.85,0.00,0.00,,,,,,,,,,,,,
Puducherry,37,2022-23,82.921,82.048,NA,0.41,0.41,98.95,0.50,0.49,,,,,,,,,,,,,
,,,,,,,,,,,,,,,,,,,,,,,
,,,,,,,,,,,,,,,,,,,,,,,
,,,,,,,,,,,,,,,,,,,,,,,
,,,,,,,,,,,,,,,,,,,,,,,
,,,,,,,,,,,,,,,,,,,,,,,
,,,,,,,,,,,,,,,,,,,,,,,
,,,,,,,,,,,,,,,,,,,,,,,
,,,,,,,,,,,,,,,,,,,,,,,
,,,,,,,,,,,,,,,,,,,,,,,
,,,,,,,,,,,,,,,,,,,,,,,
,,,,,,,,,,,,,,,,,,,,,,,
,,,,,,,,,,,,,,,,,,,,,,,
,,,,,,,,,,,,,,,,,,,,,,,
,,,,,,,,,,,,,,,,,,,,,,,
,,,,,,,,,,,,,,,,,,,,,,,
,,,,,,,,,,,,,,,,,,,,,,,
,,,,,,,,,,,,,,,,,,,,,,,
,,,,,,,,,,,,,,,,,,,,,,,
,,,,,,,,,,,,,,,,,,,,,,,
,,,,,,,,,,,,,,,,,,,,,,,
,,,,,,,,,,,,,,,,,,,,,,,
,,,,,,,,,,,,,,,,,,,,,,,
,,,,,,,,,,,,,,,,,,,,,,,
,,,,,,,,,,,,,,,,,,,,,,,
,,,,,,,,,,,,,,,,,,,,,,,
,,,,,,,,,,,,,,,,,,,,,,,
,,,,,,,,,,,,,,,,,,,,,,,
,,,,,,,,,,,,,,,,,,,,,,,
,,,,,,,,,,,,,,,,,,,,,,,
,,,,,,,,,,,,,,,,,,,,,,,
,,,,,,,,,,,,,,,,,,,,,,,
,,,,,,,,,,,,,,,,,,,,,,,
,,,,,,,,,,,,,,,,,,,,,,,
,,,,,,,,,,,,,,,,,,,,,,,
,,,,,,,,,,,,,,,,,,,,,,,
,,,,,,,,,,,,,,,,,,,,,,,
,,,,,,,,,,,,,,,,,,,,,,,
,,,,,,,,,,,,,,,,,,,,,,,
,,,,,,,,,,,,,,,,,,,,,,,
,,,,,,,,,,,,,,,,,,,,,,,
,,,,,,,,,,,,,,,,,,,,,,,
,,,,,,,,,,,,,,,,,,,,,,,
,,,,,,,,,,,,,,,,,,,,,,,
,,,,,,,,,,,,,,,,,,,,,,,
,,,,,,,,,,,,,,,,,,,,,,,
,,,,,,,,,,,,,,,,,,,,,,,
,,,,,,,,,,,,,,,,,,,,,,,
,,,,,,,,,,,,,,,,,,,,,,,
,,,,,,,,,,,,,,,,,,,,,,,
,,,,,,,,,,,,,,,,,,,,,,,
,,,,,,,,,,,,,,,,,,,,,,,
,,,,,,,,,,,,,,,,,,,,,,,
,,,,,,,,,,,,,,,,,,,,,,,
,,,,,,,,,,,,,,,,,,,,,,,
,,,,,,,,,,,,,,,,,,,,,,,
,,,,,,,,,,,,,,,,,,,,,,,
,,,,,,,,,,,,,,,,,,,,,,,
,,,,,,,,,,,,,,,,,,,,,,,
,,,,,,,,,,,,,,,,,,,,,,,
,,,,,,,,,,,,,,,,,,,,,,,
,,,,,,,,,,,,,,,,,,,,,,,
,,,,,,,,,,,,,,,,,,,,,,,
,,,,,,,,,,,,,,,,,,,,,,,
,,,,,,,,,,,,,,,,,,,,,,,
,,,,,,,,,,,,,,,,,,,,,,,
,,,,,,,,,,,,,,,,,,,,,,,
,,,,,,,,,,,,,,,,,,,,,,,
,,,,,,,,,,,,,,,,,,,,,,,
,,,,,,,,,,,,,,,,,,,,,,,
,,,,,,,,,,,,,,,,,,,,,,,
,,,,,,,,,,,,,,,,,,,,,,,
,,,,,,,,,,,,,,,,,,,,,,,
,,,,,,,,,,,,,,,,,,,,,,,
,,,,,,,,,,,,,,,,,,,,,,,
,,,,,,,,,,,,,,,,,,,,,,,
,,,,,,,,,,,,,,,,,,,,,,,
,,,,,,,,,,,,,,,,,,,,,,,
,,,,,,,,,,,,,,,,,,,,,,,
,,,,,,,,,,,,,,,,,,,,,,,
,,,,,,,,,,,,,,,,,,,,,,,
,,,,,,,,,,,,,,,,,,,,,,,
,,,,,,,,,,,,,,,,,,,,,,,
,,,,,,,,,,,,,,,,,,,,,,,
,,,,,,,,,,,,,,,,,,,,,,,
,,,,,,,,,,,,,,,,,,,,,,,
,,,,,,,,,,,,,,,,,,,,,,,
,,,,,,,,,,,,,,,,,,,,,,,
,,,,,,,,,,,,,,,,,,,,,,,
,,,,,,,,,,,,,,,,,,,,,,,
,,,,,,,,,,,,,,,,,,,,,,,
,,,,,,,,,,,,,,,,,,,,,,,
,,,,,,,,,,,,,,,,,,,,,,,
,,,,,,,,,,,,,,,,,,,,,,,
,,,,,,,,,,,,,,,,,,,,,,,
,,,,,,,,,,,,,,,,,,,,,,,
,,,,,,,,,,,,,,,,,,,,,,,
,,,,,,,,,,,,,,,,,,,,,,,
,,,,,,,,,,,,,,,,,,,,,,,
,,,,,,,,,,,,,,,,,,,,,,,
,,,,,,,,,,,,,,,,,,,,,,,
,,,,,,,,,,,,,,,,,,,,,,,
,,,,,,,,,,,,,,,,,,,,,,,
,,,,,,,,,,,,,,,,,,,,,,,
,,,,,,,,,,,,,,,,,,,,,,,
,,,,,,,,,,,,,,,,,,,,,,,
,,,,,,,,,,,,,,,,,,,,,,,
,,,,,,,,,,,,,,,,,,,,,,,
,,,,,,,,,,,,,,,,,,,,,,,
,,,,,,,,,,,,,,,,,,,,,,,
,,,,,,,,,,,,,,,,,,,,,,,
,,,,,,,,,,,,,,,,,,,,,,,
,,,,,,,,,,,,,,,,,,,,,,,
,,,,,,,,,,,,,,,,,,,,,,,
,,,,,,,,,,,,,,,,,,,,,,,
,,,,,,,,,,,,,,,,,,,,,,,
,,,,,,,,,,,,,,,,,,,,,,,
,,,,,,,,,,,,,,,,,,,,,,,
,,,,,,,,,,,,,,,,,,,,,,,
,,,,,,,,,,,,,,,,,,,,,,,
,,,,,,,,,,,,,,,,,,,,,,,
,,,,,,,,,,,,,,,,,,,,,,,
,,,,,,,,,,,,,,,,,,,,,,,
,,,,,,,,,,,,,,,,,,,,,,,
,,,,,,,,,,,,,,,,,,,,,,,
,,,,,,,,,,,,,,,,,,,,,,,
,,,,,,,,,,,,,,,,,,,,,,,
,,,,,,,,,,,,,,,,,,,,,,,
,,,,,,,,,,,,,,,,,,,,,,,
,,,,,,,,,,,,,,,,,,,,,,,
,,,,,,,,,,,,,,,,,,,,,,,
,,,,,,,,,,,,,,,,,,,,,,,
,,,,,,,,,,,,,,,,,,,,,,,
,,,,,,,,,,,,,,,,,,,,,,,
,,,,,,,,,,,,,,,,,,,,,,,
,,,,,,,,,,,,,,,,,,,,,,,
,,,,,,,,,,,,,,,,,,,,,,,
,,,,,,,,,,,,,,,,,,,,,,,
,,,,,,,,,,,,,,,,,,,,,,,
,,,,,,,,,,,,,,,,,,,,,,,
,,,,,,,,,,,,,,,,,,,,,,,
,,,,,,,,,,,,,,,,,,,,,,,
,,,,,,,,,,,,,,,,,,,,,,,
,,,,,,,,,,,,,,,,,,,,,,,
,,,,,,,,,,,,,,,,,,,,,,,
,,,,,,,,,,,,,,,,,,,,,,,
,,,,,,,,,,,,,,,,,,,,,,,
,,,,,,,,,,,,,,,,,,,,,,,
,,,,,,,,,,,,,,,,,,,,,,,
,,,,,,,,,,,,,,,,,,,,,,,
,,,,,,,,,,,,,,,,,,,,,,,
,,,,,,,,,,,,,,,,,,,,,,,
,,,,,,,,,,,,,,,,,,,,,,,
,,,,,,,,,,,,,,,,,,,,,,,
,,,,,,,,,,,,,,,,,,,,,,,
,,,,,,,,,,,,,,,,,,,,,,,
,,,,,,,,,,,,,,,,,,,,,,,
,,,,,,,,,,,,,,,,,,,,,,,
,,,,,,,,,,,,,,,,,,,,,,,
,,,,,,,,,,,,,,,,,,,,,,,
,,,,,,,,,,,,,,,,,,,,,,,
,,,,,,,,,,,,,,,,,,,,,,,
,,,,,,,,,,,,,,,,,,,,,,,
,,,,,,,,,,,,,,,,,,,,,,,
,,,,,,,,,,,,,,,,,,,,,,,
,,,,,,,,,,,,,,,,,,,,,,,
,,,,,,,,,,,,,,,,,,,,,,,
,,,,,,,,,,,,,,,,,,,,,,,
,,,,,,,,,,,,,,,,,,,,,,,
,,,,,,,,,,,,,,,,,,,,,,,
,,,,,,,,,,,,,,,,,,,,,,,
,,,,,,,,,,,,,,,,,,,,,,,
,,,,,,,,,,,,,,,,,,,,,,,
,,,,,,,,,,,,,,,,,,,,,,,
,,,,,,,,,,,,,,,,,,,,,,,
,,,,,,,,,,,,,,,,,,,,,,,
,,,,,,,,,,,,,,,,,,,,,,,
,,,,,,,,,,,,,,,,,,,,,,,
,,,,,,,,,,,,,,,,,,,,,,,
,,,,,,,,,,,,,,,,,,,,,,,
,,,,,,,,,,,,,,,,,,,,,,,
,,,,,,,,,,,,,,,,,,,,,,,
,,,,,,,,,,,,,,,,,,,,,,,
,,,,,,,,,,,,,,,,,,,,,,,
,,,,,,,,,,,,,,,,,,,,,,,
,,,,,,,,,,,,,,,,,,,,,,,
,,,,,,,,,,,,,,,,,,,,,,,
,,,,,,,,,,,,,,,,,,,,,,,
,,,,,,,,,,,,,,,,,,,,,,,
,,,,,,,,,,,,,,,,,,,,,,,
,,,,,,,,,,,,,,,,,,,,,,,
,,,,,,,,,,,,,,,,,,,,,,,
,,,,,,,,,,,,,,,,,,,,,,,
,,,,,,,,,,,,,,,,,,,,,,,
,,,,,,,,,,,,,,,,,,,,,,,
,,,,,,,,,,,,,,,,,,,,,,,
,,,,,,,,,,,,,,,,,,,,,,,
,,,,,,,,,,,,,,,,,,,,,,,
,,,,,,,,,,,,,,,,,,,,,,,
,,,,,,,,,,,,,,,,,,,,,,,
,,,,,,,,,,,,,,,,,,,,,,,
,,,,,,,,,,,,,,,,,,,,,,,
,,,,,,,,,,,,,,,,,,,,,,,
,,,,,,,,,,,,,,,,,,,,,,,
,,,,,,,,,,,,,,,,,,,,,,,
,,,,,,,,,,,,,,,,,,,,,,,
,,,,,,,,,,,,,,,,,,,,,,,
,,,,,,,,,,,,,,,,,,,,,,,
,,,,,,,,,,,,,,,,,,,,,,,
,,,,,,,,,,,,,,,,,,,,,,,
,,,,,,,,,,,,,,,,,,,,,,,
,,,,,,,,,,,,,,,,,,,,,,,
,,,,,,,,,,,,,,,,,,,,,,,
,,,,,,,,,,,,,,,,,,,,,,,
,,,,,,,,,,,,,,,,,,,,,,,
,,,,,,,,,,,,,,,,,,,,,,,
,,,,,,,,,,,,,,,,,,,,,,,
,,,,,,,,,,,,,,,,,,,,,,,
,,,,,,,,,,,,,,,,,,,,,,,
,,,,,,,,,,,,,,,,,,,,,,,
,,,,,,,,,,,,,,,,,,,,,,,
,,,,,,,,,,,,,,,,,,,,,,,
,,,,,,,,,,,,,,,,,,,,,,,
,,,,,,,,,,,,,,,,,,,,,,,
,,,,,,,,,,,,,,,,,,,,,,,
,,,,,,,,,,,,,,,,,,,,,,,
,,,,,,,,,,,,,,,,,,,,,,,
,,,,,,,,,,,,,,,,,,,,,,,
,,,,,,,,,,,,,,,,,,,,,,,
,,,,,,,,,,,,,,,,,,,,,,,
,,,,,,,,,,,,,,,,,,,,,,,
,,,,,,,,,,,,,,,,,,,,,,,
,,,,,,,,,,,,,,,,,,,,,,,
,,,,,,,,,,,,,,,,,,,,,,,
,,,,,,,,,,,,,,,,,,,,,,,
,,,,,,,,,,,,,,,,,,,,,,,
,,,,,,,,,,,,,,,,,,,,,,,
,,,,,,,,,,,,,,,,,,,,,,,
,,,,,,,,,,,,,,,,,,,,,,,
,,,,,,,,,,,,,,,,,,,,,,,
,,,,,,,,,,,,,,,,,,,,,,,
,,,,,,,,,,,,,,,,,,,,,,,
,,,,,,,,,,,,,,,,,,,,,,,
,,,,,,,,,,,,,,,,,,,,,,,
,,,,,,,,,,,,,,,,,,,,,,,
,,,,,,,,,,,,,,,,,,,,,,,
,,,,,,,,,,,,,,,,,,,,,,,
,,,,,,,,,,,,,,,,,,,,,,,
,,,,,,,,,,,,,,,,,,,,,,,
,,,,,,,,,,,,,,,,,,,,,,,
,,,,,,,,,,,,,,,,,,,,,,,
,,,,,,,,,,,,,,,,,,,,,,,
,,,,,,,,,,,,,,,,,,,,,,,
,,,,,,,,,,,,,,,,,,,,,,,
,,,,,,,,,,,,,,,,,,,,,,,
,,,,,,,,,,,,,,,,,,,,,,,
,,,,,,,,,,,,,,,,,,,,,,,
,,,,,,,,,,,,,,,,,,,,,,,
,,,,,,,,,,,,,,,,,,,,,,,
,,,,,,,,,,,,,,,,,,,,,,,
,,,,,,,,,,,,,,,,,,,,,,,
,,,,,,,,,,,,,,,,,,,,,,,
,,,,,,,,,,,,,,,,,,,,,,,
,,,,,,,,,,,,,,,,,,,,,,,
,,,,,,,,,,,,,,,,,,,,,,,
,,,,,,,,,,,,,,,,,,,,,,,
,,,,,,,,,,,,,,,,,,,,,,,
,,,,,,,,,,,,,,,,,,,,,,,
,,,,,,,,,,,,,,,,,,,,,,,
,,,,,,,,,,,,,,,,,,,,,,,
,,,,,,,,,,,,,,,,,,,,,,,
,,,,,,,,,,,,,,,,,,,,,,,
,,,,,,,,,,,,,,,,,,,,,,,
,,,,,,,,,,,,,,,,,,,,,,,
,,,,,,,,,,,,,,,,,,,,,,,
,,,,,,,,,,,,,,,,,,,,,,,
,,,,,,,,,,,,,,,,,,,,,,,
,,,,,,,,,,,,,,,,,,,,,,,
,,,,,,,,,,,,,,,,,,,,,,,
,,,,,,,,,,,,,,,,,,,,,,,
,,,,,,,,,,,,,,,,,,,,,,,
,,,,,,,,,,,,,,,,,,,,,,,
,,,,,,,,,,,,,,,,,,,,,,,
,,,,,,,,,,,,,,,,,,,,,,,
,,,,,,,,,,,,,,,,,,,,,,,
,,,,,,,,,,,,,,,,,,,,,,,
,,,,,,,,,,,,,,,,,,,,,,,
,,,,,,,,,,,,,,,,,,,,,,,
,,,,,,,,,,,,,,,,,,,,,,,
,,,,,,,,,,,,,,,,,,,,,,,
,,,,,,,,,,,,,,,,,,,,,,,
,,,,,,,,,,,,,,,,,,,,,,,
,,,,,,,,,,,,,,,,,,,,,,,
,,,,,,,,,,,,,,,,,,,,,,,
,,,,,,,,,,,,,,,,,,,,,,,
,,,,,,,,,,,,,,,,,,,,,,,
,,,,,,,,,,,,,,,,,,,,,,,
,,,,,,,,,,,,,,,,,,,,,,,
,,,,,,,,,,,,,,,,,,,,,,,
,,,,,,,,,,,,,,,,,,,,,,,
,,,,,,,,,,,,,,,,,,,,,,,
,,,,,,,,,,,,,,,,,,,,,,,
,,,,,,,,,,,,,,,,,,,,,,,
,,,,,,,,,,,,,,,,,,,,,,,
,,,,,,,,,,,,,,,,,,,,,,,
,,,,,,,,,,,,,,,,,,,,,,,
,,,,,,,,,,,,,,,,,,,,,,,
,,,,,,,,,,,,,,,,,,,,,,,
,,,,,,,,,,,,,,,,,,,,,,,
,,,,,,,,,,,,,,,,,,,,,,,
,,,,,,,,,,,,,,,,,,,,,,,
,,,,,,,,,,,,,,,,,,,,,,,
,,,,,,,,,,,,,,,,,,,,,,,
,,,,,,,,,,,,,,,,,,,,,,,
,,,,,,,,,,,,,,,,,,,,,,,
,,,,,,,,,,,,,,,,,,,,,,,
,,,,,,,,,,,,,,,,,,,,,,,
,,,,,,,,,,,,,,,,,,,,,,,
,,,,,,,,,,,,,,,,,,,,,,,
,,,,,,,,,,,,,,,,,,,,,,,
,,,,,,,,,,,,,,,,,,,,,,,
,,,,,,,,,,,,,,,,,,,,,,,
,,,,,,,,,,,,,,,,,,,,,,,
,,,,,,,,,,,,,,,,,,,,,,,
,,,,,,,,,,,,,,,,,,,,,,,
,,,,,,,,,,,,,,,,,,,,,,,
,,,,,,,,,,,,,,,,,,,,,,,
,,,,,,,,,,,,,,,,,,,,,,,
,,,,,,,,,,,,,,,,,,,,,,,
,,,,,,,,,,,,,,,,,,,,,,,
,,,,,,,,,,,,,,,,,,,,,,,
,,,,,,,,,,,,,,,,,,,,,,,
,,,,,,,,,,,,,,,,,,,,,,,
,,,,,,,,,,,,,,,,,,,,,,,
,,,,,,,,,,,,,,,,,,,,,,,
,,,,,,,,,,,,,,,,,,,,,,,
,,,,,,,,,,,,,,,,,,,,,,,
,,,,,,,,,,,,,,,,,,,,,,,
,,,,,,,,,,,,,,,,,,,,,,,
,,,,,,,,,,,,,,,,,,,,,,,
,,,,,,,,,,,,,,,,,,,,,,,
,,,,,,,,,,,,,,,,,,,,,,,
,,,,,,,,,,,,,,,,,,,,,,,
,,,,,,,,,,,,,,,,,,,,,,,
,,,,,,,,,,,,,,,,,,,,,,,
,,,,,,,,,,,,,,,,,,,,,,,
,,,,,,,,,,,,,,,,,,,,,,,
,,,,,,,,,,,,,,,,,,,,,,,
,,,,,,,,,,,,,,,,,,,,,,,
,,,,,,,,,,,,,,,,,,,,,,,
,,,,,,,,,,,,,,,,,,,,,,,
,,,,,,,,,,,,,,,,,,,,,,,
,,,,,,,,,,,,,,,,,,,,,,,
,,,,,,,,,,,,,,,,,,,,,,,
,,,,,,,,,,,,,,,,,,,,,,,
,,,,,,,,,,,,,,,,,,,,,,,
,,,,,,,,,,,,,,,,,,,,,,,
,,,,,,,,,,,,,,,,,,,,,,,
,,,,,,,,,,,,,,,,,,,,,,,
,,,,,,,,,,,,,,,,,,,,,,,
,,,,,,,,,,,,,,,,,,,,,,,
,,,,,,,,,,,,,,,,,,,,,,,
,,,,,,,,,,,,,,,,,,,,,,,
,,,,,,,,,,,,,,,,,,,,,,,
,,,,,,,,,,,,,,,,,,,,,,,
,,,,,,,,,,,,,,,,,,,,,,,
,,,,,,,,,,,,,,,,,,,,,,,
,,,,,,,,,,,,,,,,,,,,,,,
,,,,,,,,,,,,,,,,,,,,,,,
,,,,,,,,,,,,,,,,,,,,,,,
,,,,,,,,,,,,,,,,,,,,,,,
,,,,,,,,,,,,,,,,,,,,,,,
,,,,,,,,,,,,,,,,,,,,,,,
,,,,,,,,,,,,,,,,,,,,,,,
,,,,,,,,,,,,,,,,,,,,,,,
,,,,,,,,,,,,,,,,,,,,,,,
,,,,,,,,,,,,,,,,,,,,,,,
,,,,,,,,,,,,,,,,,,,,,,,
,,,,,,,,,,,,,,,,,,,,,,,
,,,,,,,,,,,,,,,,,,,,,,,
,,,,,,,,,,,,,,,,,,,,,,,
,,,,,,,,,,,,,,,,,,,,,,,
,,,,,,,,,,,,,,,,,,,,,,,
,,,,,,,,,,,,,,,,,,,,,,,
,,,,,,,,,,,,,,,,,,,,,,,
,,,,,,,,,,,,,,,,,,,,,,,
,,,,,,,,,,,,,,,,,,,,,,,
,,,,,,,,,,,,,,,,,,,,,,,
,,,,,,,,,,,,,,,,,,,,,,,
,,,,,,,,,,,,,,,,,,,,,,,
,,,,,,,,,,,,,,,,,,,,,,,
,,,,,,,,,,,,,,,,,,,,,,,
,,,,,,,,,,,,,,,,,,,,,,,
,,,,,,,,,,,,,,,,,,,,,,,
,,,,,,,,,,,,,,,,,,,,,,,
,,,,,,,,,,,,,,,,,,,,,,,
,,,,,,,,,,,,,,,,,,,,,,,
,,,,,,,,,,,,,,,,,,,,,,,
,,,,,,,,,,,,,,,,,,,,,,,
,,,,,,,,,,,,,,,,,,,,,,,
,,,,,,,,,,,,,,,,,,,,,,,
,,,,,,,,,,,,,,,,,,,,,,,
,,,,,,,,,,,,,,,,,,,,,,,
,,,,,,,,,,,,,,,,,,,,,,,
,,,,,,,,,,,,,,,,,,,,,,,
,,,,,,,,,,,,,,,,,,,,,,,
,,,,,,,,,,,,,,,,,,,,,,,
,,,,,,,,,,,,,,,,,,,,,,,
,,,,,,,,,,,,,,,,,,,,,,,
,,,,,,,,,,,,,,,,,,,,,,,
,,,,,,,,,,,,,,,,,,,,,,,
,,,,,,,,,,,,,,,,,,,,,,,
,,,,,,,,,,,,,,,,,,,,,,,
,,,,,,,,,,,,,,,,,,,,,,,
,,,,,,,,,,,,,,,,,,,,,,,
,,,,,,,,,,,,,,,,,,,,,,,
,,,,,,,,,,,,,,,,,,,,,,,
,,,,,,,,,,,,,,,,,,,,,,,
,,,,,,,,,,,,,,,,,,,,,,,
,,,,,,,,,,,,,,,,,,,,,,,
,,,,,,,,,,,,,,,,,,,,,,,
,,,,,,,,,,,,,,,,,,,,,,,
,,,,,,,,,,,,,,,,,,,,,,,
,,,,,,,,,,,,,,,,,,,,,,,
,,,,,,,,,,,,,,,,,,,,,,,
,,,,,,,,,,,,,,,,,,,,,,,
,,,,,,,,,,,,,,,,,,,,,,,
,,,,,,,,,,,,,,,,,,,,,,,
,,,,,,,,,,,,,,,,,,,,,,,
,,,,,,,,,,,,,,,,,,,,,,,
,,,,,,,,,,,,,,,,,,,,,,,
,,,,,,,,,,,,,,,,,,,,,,,
,,,,,,,,,,,,,,,,,,,,,,,
,,,,,,,,,,,,,,,,,,,,,,,
,,,,,,,,,,,,,,,,,,,,,,,
,,,,,,,,,,,,,,,,,,,,,,,
,,,,,,,,,,,,,,,,,,,,,,,
,,,,,,,,,,,,,,,,,,,,,,,
,,,,,,,,,,,,,,,,,,,,,,,
,,,,,,,,,,,,,,,,,,,,,,,
,,,,,,,,,,,,,,,,,,,,,,,
,,,,,,,,,,,,,,,,,,,,,,,
,,,,,,,,,,,,,,,,,,,,,,,
,,,,,,,,,,,,,,,,,,,,,,,
,,,,,,,,,,,,,,,,,,,,,,,
,,,,,,,,,,,,,,,,,,,,,,,
,,,,,,,,,,,,,,,,,,,,,,,
,,,,,,,,,,,,,,,,,,,,,,,
,,,,,,,,,,,,,,,,,,,,,,,
,,,,,,,,,,,,,,,,,,,,,,,
,,,,,,,,,,,,,,,,,,,,,,,
,,,,,,,,,,,,,,,,,,,,,,,
,,,,,,,,,,,,,,,,,,,,,,,
,,,,,,,,,,,,,,,,,,,,,,,
,,,,,,,,,,,,,,,,,,,,,,,
,,,,,,,,,,,,,,,,,,,,,,,
,,,,,,,,,,,,,,,,,,,,,,,
,,,,,,,,,,,,,,,,,,,,,,,
,,,,,,,,,,,,,,,,,,,,,,,
,,,,,,,,,,,,,,,,,,,,,,,
,,,,,,,,,,,,,,,,,,,,,,,
,,,,,,,,,,,,,,,,,,,,,,,
,,,,,,,,,,,,,,,,,,,,,,,
,,,,,,,,,,,,,,,,,,,,,,,
,,,,,,,,,,,,,,,,,,,,,,,
,,,,,,,,,,,,,,,,,,,,,,,
,,,,,,,,,,,,,,,,,,,,,,,
,,,,,,,,,,,,,,,,,,,,,,,
,,,,,,,,,,,,,,,,,,,,,,,
,,,,,,,,,,,,,,,,,,,,,,,
,,,,,,,,,,,,,,,,,,,,,,,
,,,,,,,,,,,,,,,,,,,,,,,
,,,,,,,,,,,,,,,,,,,,,,,
,,,,,,,,,,,,,,,,,,,,,,,
,,,,,,,,,,,,,,,,,,,,,,,
,,,,,,,,,,,,,,,,,,,,,,,
,,,,,,,,,,,,,,,,,,,,,,,
,,,,,,,,,,,,,,,,,,,,,,,
,,,,,,,,,,,,,,,,,,,,,,,
,,,,,,,,,,,,,,,,,,,,,,,
,,,,,,,,,,,,,,,,,,,,,,,
,,,,,,,,,,,,,,,,,,,,,,,
,,,,,,,,,,,,,,,,,,,,,,,
,,,,,,,,,,,,,,,,,,,,,,,
,,,,,,,,,,,,,,,,,,,,,,,
,,,,,,,,,,,,,,,,,,,,,,,
,,,,,,,,,,,,,,,,,,,,,,,
,,,,,,,,,,,,,,,,,,,,,,,
,,,,,,,,,,,,,,,,,,,,,,,
,,,,,,,,,,,,,,,,,,,,,,,
,,,,,,,,,,,,,,,,,,,,,,,
,,,,,,,,,,,,,,,,,,,,,,,
,,,,,,,,,,,,,,,,,,,,,,,
,,,,,,,,,,,,,,,,,,,,,,,
,,,,,,,,,,,,,,,,,,,,,,,
,,,,,,,,,,,,,,,,,,,,,,,
,,,,,,,,,,,,,,,,,,,,,,,
,,,,,,,,,,,,,,,,,,,,,,,
,,,,,,,,,,,,,,,,,,,,,,,
,,,,,,,,,,,,,,,,,,,,,,,
,,,,,,,,,,,,,,,,,,,,,,,
,,,,,,,,,,,,,,,,,,,,,,,
,,,,,,,,,,,,,,,,,,,,,,,
,,,,,,,,,,,,,,,,,,,,,,,
,,,,,,,,,,,,,,,,,,,,,,,
,,,,,,,,,,,,,,,,,,,,,,,
,,,,,,,,,,,,,,,,,,,,,,,
,,,,,,,,,,,,,,,,,,,,,,,
,,,,,,,,,,,,,,,,,,,,,,,
,,,,,,,,,,,,,,,,,,,,,,,
,,,,,,,,,,,,,,,,,,,,,,,
,,,,,,,,,,,,,,,,,,,,,,,
,,,,,,,,,,,,,,,,,,,,,,,
,,,,,,,,,,,,,,,,,,,,,,,
,,,,,,,,,,,,,,,,,,,,,,,
,,,,,,,,,,,,,,,,,,,,,,,
,,,,,,,,,,,,,,,,,,,,,,,
,,,,,,,,,,,,,,,,,,,,,,,
,,,,,,,,,,,,,,,,,,,,,,,
,,,,,,,,,,,,,,,,,,,,,,,
,,,,,,,,,,,,,,,,,,,,,,,
,,,,,,,,,,,,,,,,,,,,,,,
,,,,,,,,,,,,,,,,,,,,,,,
,,,,,,,,,,,,,,,,,,,,,,,
,,,,,,,,,,,,,,,,,,,,,,,
,,,,,,,,,,,,,,,,,,,,,,,
,,,,,,,,,,,,,,,,,,,,,,,
,,,,,,,,,,,,,,,,,,,,,,,
,,,,,,,,,,,,,,,,,,,,,,,
,,,,,,,,,,,,,,,,,,,,,,,
,,,,,,,,,,,,,,,,,,,,,,,
,,,,,,,,,,,,,,,,,,,,,,,
,,,,,,,,,,,,,,,,,,,,,,,
,,,,,,,,,,,,,,,,,,,,,,,
,,,,,,,,,,,,,,,,,,,,,,,
,,,,,,,,,,,,,,,,,,,,,,,
,,,,,,,,,,,,,,,,,,,,,,,
,,,,,,,,,,,,,,,,,,,,,,,
,,,,,,,,,,,,,,,,,,,,,,,
,,,,,,,,,,,,,,,,,,,,,,,
,,,,,,,,,,,,,,,,,,,,,,,
,,,,,,,,,,,,,,,,,,,,,,,
,,,,,,,,,,,,,,,,,,,,,,,
,,,,,,,,,,,,,,,,,,,,,,,
,,,,,,,,,,,,,,,,,,,,,,,
,,,,,,,,,,,,,,,,,,,,,,,
,,,,,,,,,,,,,,,,,,,,,,,
,,,,,,,,,,,,,,,,,,,,,,,
,,,,,,,,,,,,,,,,,,,,,,,
,,,,,,,,,,,,,,,,,,,,,,,
,,,,,,,,,,,,,,,,,,,,,,,
,,,,,,,,,,,,,,,,,,,,,,,
,,,,,,,,,,,,,,,,,,,,,,,
,,,,,,,,,,,,,,,,,,,,,,,
,,,,,,,,,,,,,,,,,,,,,,,
,,,,,,,,,,,,,,,,,,,,,,,
,,,,,,,,,,,,,,,,,,,,,,,
,,,,,,,,,,,,,,,,,,,,,,,
,,,,,,,,,,,,,,,,,,,,,,,
,,,,,,,,,,,,,,,,,,,,,,,
,,,,,,,,,,,,,,,,,,,,,,,
,,,,,,,,,,,,,,,,,,,,,,,
,,,,,,,,,,,,,,,,,,,,,,,
,,,,,,,,,,,,,,,,,,,,,,,
,,,,,,,,,,,,,,,,,,,,,,,
,,,,,,,,,,,,,,,,,,,,,,,
,,,,,,,,,,,,,,,,,,,,,,,
,,,,,,,,,,,,,,,,,,,,,,,
,,,,,,,,,,,,,,,,,,,,,,,
,,,,,,,,,,,,,,,,,,,,,,,
,,,,,,,,,,,,,,,,,,,,,,,
,,,,,,,,,,,,,,,,,,,,,,,
,,,,,,,,,,,,,,,,,,,,,,,
,,,,,,,,,,,,,,,,,,,,,,,
,,,,,,,,,,,,,,,,,,,,,,,
,,,,,,,,,,,,,,,,,,,,,,,
,,,,,,,,,,,,,,,,,,,,,,,
,,,,,,,,,,,,,,,,,,,,,,,
,,,,,,,,,,,,,,,,,,,,,,,
,,,,,,,,,,,,,,,,,,,,,,,
,,,,,,,,,,,,,,,,,,,,,,,
,,,,,,,,,,,,,,,,,,,,,,,
,,,,,,,,,,,,,,,,,,,,,,,
,,,,,,,,,,,,,,,,,,,,,,,
,,,,,,,,,,,,,,,,,,,,,,,
,,,,,,,,,,,,,,,,,,,,,,,
,,,,,,,,,,,,,,,,,,,,,,,
,,,,,,,,,,,,,,,,,,,,,,,
,,,,,,,,,,,,,,,,,,,,,,,
,,,,,,,,,,,,,,,,,,,,,,,
,,,,,,,,,,,,,,,,,,,,,,,
,,,,,,,,,,,,,,,,,,,,,,,
,,,,,,,,,,,,,,,,,,,,,,,
,,,,,,,,,,,,,,,,,,,,,,,
,,,,,,,,,,,,,,,,,,,,,,,
,,,,,,,,,,,,,,,,,,,,,,,
,,,,,,,,,,,,,,,,,,,,,,,
,,,,,,,,,,,,,,,,,,,,,,,
,,,,,,,,,,,,,,,,,,,,,,,
,,,,,,,,,,,,,,,,,,,,,,,
,,,,,,,,,,,,,,,,,,,,,,,
,,,,,,,,,,,,,,,,,,,,,,,
,,,,,,,,,,,,,,,,,,,,,,,
,,,,,,,,,,,,,,,,,,,,,,,
,,,,,,,,,,,,,,,,,,,,,,,
,,,,,,,,,,,,,,,,,,,,,,,
,,,,,,,,,,,,,,,,,,,,,,,
,,,,,,,,,,,,,,,,,,,,,,,
,,,,,,,,,,,,,,,,,,,,,,,
,,,,,,,,,,,,,,,,,,,,,,,
,,,,,,,,,,,,,,,,,,,,,,,
,,,,,,,,,,,,,,,,,,,,,,,
,,,,,,,,,,,,,,,,,,,,,,,
,,,,,,,,,,,,,,,,,,,,,,,
,,,,,,,,,,,,,,,,,,,,,,,
,,,,,,,,,,,,,,,,,,,,,,,
,,,,,,,,,,,,,,,,,,,,,,,
,,,,,,,,,,,,,,,,,,,,,,,
,,,,,,,,,,,,,,,,,,,,,,,
,,,,,,,,,,,,,,,,,,,,,,,
,,,,,,,,,,,,,,,,,,,,,,,
,,,,,,,,,,,,,,,,,,,,,,,
,,,,,,,,,,,,,,,,,,,,,,,
,,,,,,,,,,,,,,,,,,,,,,,
,,,,,,,,,,,,,,,,,,,,,,,
,,,,,,,,,,,,,,,,,,,,,,,
,,,,,,,,,,,,,,,,,,,,,,,
,,,,,,,,,,,,,,,,,,,,,,,
,,,,,,,,,,,,,,,,,,,,,,,
,,,,,,,,,,,,,,,,,,,,,,,
,,,,,,,,,,,,,,,,,,,,,,,
,,,,,,,,,,,,,,,,,,,,,,,
,,,,,,,,,,,,,,,,,,,,,,,
,,,,,,,,,,,,,,,,,,,,,,,
,,,,,,,,,,,,,,,,,,,,,,,
,,,,,,,,,,,,,,,,,,,,,,,
,,,,,,,,,,,,,,,,,,,,,,,
,,,,,,,,,,,,,,,,,,,,,,,
,,,,,,,,,,,,,,,,,,,,,,,
,,,,,,,,,,,,,,,,,,,,,,,
,,,,,,,,,,,,,,,,,,,,,,,
,,,,,,,,,,,,,,,,,,,,,,,
,,,,,,,,,,,,,,,,,,,,,,,
,,,,,,,,,,,,,,,,,,,,,,,
,,,,,,,,,,,,,,,,,,,,,,,
,,,,,,,,,,,,,,,,,,,,,,,
,,,,,,,,,,,,,,,,,,,,,,,
,,,,,,,,,,,,,,,,,,,,,,,
,,,,,,,,,,,,,,,,,,,,,,,
,,,,,,,,,,,,,,,,,,,,,,,
,,,,,,,,,,,,,,,,,,,,,,,
,,,,,,,,,,,,,,,,,,,,,,,
,,,,,,,,,,,,,,,,,,,,,,,
,,,,,,,,,,,,,,,,,,,,,,,
,,,,,,,,,,,,,,,,,,,,,,,
,,,,,,,,,,,,,,,,,,,,,,,
,,,,,,,,,,,,,,,,,,,,,,,
,,,,,,,,,,,,,,,,,,,,,,,
,,,,,,,,,,,,,,,,,,,,,,,
,,,,,,,,,,,,,,,,,,,,,,,
,,,,,,,,,,,,,,,,,,,,,,,
,,,,,,,,,,,,,,,,,,,,,,,
,,,,,,,,,,,,,,,,,,,,,,,
,,,,,,,,,,,,,,,,,,,,,,,
,,,,,,,,,,,,,,,,,,,,,,,
,,,,,,,,,,,,,,,,,,,,,,,
,,,,,,,,,,,,,,,,,,,,,,,
